Project ID,latitude,longitude
1,-14.39296,35.34658
1,-13.5,34
1,-15.39979,35.31366
1,-14.26843,35.24659
1,-14.01962,33.68407
1,-15.4,35.31667
1,-15.64732,34.93956
1,-15.75268,35.21576
2,-13.5,34
2,-14.18031,33.77725
2,-13.5,34
3,-13.5,34
3,-13.5,34
4,-13.5,34
5,-13.5,34
8,-14.98333,34.66667
9,-12.56667,34.15
9,-12.33514,34.05251
9,-14.01962,33.68407
9,-12.83333,33.5
9,-14.26273,34.18559
9,-12.16667,33.68333
9,-13,33.41667
9,-11.65304,34.05322
9,-13.5,34
11,-13.5,34
11,-14.01962,33.68407
11,-13.5,34
12,-13.5,34
12,-14.01962,33.68407
12,-13.5,34
13,-12.16667,33.68333
14,-14.51667,34.46667
14,-12.56667,33.31667
14,-13.5,34
15,-13.5,34
15,-13.96692,33.78725
16,-13.5,34
16,-13.96692,33.78725
17,-12.80417,34.08298
17,-15.04839,35.0591
17,-13.5,34
17,-13.5,34
17,-14.01962,33.68407
17,-16.16667,34.75
18,-14.01962,33.68407
20,-16.75,35.16667
20,-14.01962,33.68407
20,-13.5,34
20,-13.5,34
20,-16.16667,34.75
23,-13.5,34
23,-13.5,34
25,-14.39296,35.34658
25,-11,34
25,-13.12796,34.18533
25,-15.66667,35.66667
25,-13.5,34
25,-13.03333,33.53333
25,-11.85428,33.60778
25,-13.15789,33.81446
25,-13.5,34
25,-13.29574,33.90798
25,-14.08239,34.91652
26,-13.5,34
26,-15.76667,35.16667
26,-12.08167,34.73611
26,-16.03333,35.56667
26,-16.16667,34.75
26,-13.5,34
26,-13.11667,33.53333
26,-14.01962,33.68407
26,-13.71959,34.40184
26,-14.11667,33.95
26,-15.64732,34.93956
27,-13.5,34
27,-14.766,35.283
27,-15.15,34.58333
27,-14.08239,34.91652
27,-15.78499,35.00854
27,-15.43007,35.41829
27,-13.5,34
27,-13.11667,33.53333
27,-14.01962,33.68407
27,-15.64732,34.93956
27,-15.63337,34.51682
27,-14.75,34.75
27,-15.75268,35.21576
28,-13.83333,33.05
28,-13.5,34
28,-14.72359,34.80892
28,-14.63566,35.25184
28,-12.56667,33.43333
28,-15.43007,35.41829
28,-13.5,34
28,-13.76667,33.63333
28,-14.01962,33.68407
28,-11.85428,33.60778
28,-15.64732,34.93956
29,-15.6,35.08333
30,-11.46556,34.02071
30,-13.5,34
30,-14.01962,33.68407
30,-15.64732,34.93956
30,-15.43007,35.41829
30,-13.5,34
31,-15.12296,35.54495
31,-14.01962,33.68407
31,-13.5,34
32,-14.01962,33.68407
32,-13.5,34
32,-13.5,34
33,-14.01962,33.68407
33,-13.5,34
34,-14.01962,33.68407
34,-13.5,34
35,-14.1,34.2
35,-13.5,34
35,-15.63333,34.61667
35,-16.4,34.86667
35,-12.56667,34.15
35,-13.5,34
35,-13.71959,34.40184
35,-13.5,34
35,-15.2,35.51667
35,-12.81774,34.22743
35,-14.01962,33.68407
36,-16.4,34.86667
36,-13.5,34
36,-13.5,34
37,-13.68333,34.33333
37,-13.5,34
37,-13.5,34
38,-13.78386,34.41936
38,-16.58194,35.12483
38,-11.42329,33.77149
38,-15.81188,35.07084
38,-15.78499,35.00854
38,-13.9461,33.79605
38,-13.5,34
38,-10.11153,33.88151
38,-13.98287,33.77049
38,-14.08239,34.91652
38,-13.94731,33.79122
38,-13.92749,33.79789
38,-14.02266,33.70524
38,-11.05462,33.92209
38,-13.5,34
38,-14.43419,34.42081
38,-13.97767,33.757
38,-15.78509,34.99993
38,-14.01962,33.68407
38,-11.46751,34.02298
38,-15.78721,35.03046
38,-15.64732,34.93956
38,-16.16667,34.75
38,-15.80115,35.05338
38,-13.9984,33.75986
38,-16.26346,34.86889
38,-13.99168,33.75774
38,-13.93882,33.80359
38,-13.93871,33.80085
38,-11.46137,34.02071
39,-12.16667,33.68333
39,-13.5,34
40,-13.5,34
40,-13.5,34
41,-13.5,34
42,-13.5,34
42,-12.36162,33.55601
42,-14.01962,33.68407
42,-13.5,34
42,-15.80115,35.05338
43,-13.5,34
43,-13.5,34
43,-13.5,34
45,-13.5,34
45,-14.766,35.283
45,-13.5,34
45,-14.01962,33.68407
45,-15.80115,35.05338
46,-14.39296,35.34658
46,-13.5,34
46,-14.63566,35.25184
46,-14.42024,34.6005
46,-14.01962,33.68407
46,-15.78499,35.00854
46,-15.80115,35.05338
46,-14.26273,34.18559
46,-14.08239,34.91652
46,-13.5,34
47,-14.39296,35.34658
47,-14.08239,34.91652
47,-13.5,34
47,-12.24525,34.02001
47,-11.46556,34.02071
47,-13.96542,34.80193
47,-15.80115,35.05338
47,-12.43333,33.88333
47,-14.01962,33.68407
47,-12.2347,33.98372
47,-13.24207,33.58362
47,-11.65304,34.05322
47,-13.5,34
47,-15.64732,34.93956
47,-11.6006,34.25241
47,-12.62101,34.16634
48,-12.80417,34.08298
48,-13.96667,33.35
48,-13.5,34
48,-10.11153,33.88151
48,-16.16667,34.75
48,-15.43007,35.41829
48,-13.71959,34.40184
48,-14.01962,33.68407
48,-11.85428,33.60778
48,-14.36323,35.50255
48,-13.06416,33.93476
48,-13,33.41667
48,-14.39296,35.34658
48,-14.08463,33.91076
48,-15.97055,35.31096
48,-13.7623,33.07998
48,-16.38333,34.68333
51,-14.39296,35.34658
51,-11,34
51,-14.3,33.83333
51,-16.4,34.86667
51,-15.39979,35.31366
51,-13.5,34
51,-13,33.41667
51,-15.43007,35.41829
51,-13.5,34
51,-14.01962,33.68407
51,-11.65304,34.05322
51,-15.63337,34.51682
51,-15.64732,34.93956
52,-14.39296,35.34658
52,-11,34
52,-14.3,33.83333
52,-16.4,34.86667
52,-13.5,34
52,-13,33.41667
52,-15.43007,35.41829
52,-13.5,34
52,-14.01962,33.68407
52,-11.65304,34.05322
52,-15.63337,34.51682
52,-15.64732,34.93956
53,-12.16667,33.68333
54,-13.5,34
55,-12.16667,33.68333
55,-15.39979,35.31366
55,-14.01962,33.68407
55,-13.5,34
55,-13.5,34
56,-13.5,34
56,-13.5,34
56,-14.01962,33.68407
57,-14.37774,33.73904
57,-13.5,34
57,-16.4,34.86667
57,-11.46751,34.02298
57,-12.16667,33.68333
57,-11.68333,33.71667
57,-14.01962,33.68407
57,-13.16667,33.58333
57,-13.5,34
59,-14.01962,33.68407
59,-15.64732,34.93956
60,-12.80417,34.08298
60,-15.04839,35.0591
60,-11.65304,34.05322
60,-13.5,34
60,-11.46556,34.02071
60,-14.96656,34.99189
60,-13,33.41667
60,-15.43007,35.41829
60,-13.5,34
60,-13.71959,34.40184
60,-13.5,34
60,-15.41667,35.41667
60,-11.85428,33.60778
60,-14.01962,33.68407
60,-15.2772,35.39904
60,-13.7623,33.07998
60,-13.98287,33.77049
61,-14.94583,35.57367
61,-15.80299,35.02211
61,-13.5,34
61,-14.9641,35.67749
61,-13.5,34
61,-15.45051,34.70034
61,-13.66667,33.3
61,-15.3,35.7
61,-15.39979,35.31366
61,-14.73333,35.53333
61,-15.5,35
61,-14.87652,35.30112
61,-15.63337,34.51682
61,-13.5,34
61,-15.66744,35.72408
61,-15.40641,34.52207
63,-14.01962,33.68407
63,-12.16667,33.68333
64,-14.01962,33.68407
64,-13.5,34
65,-14.766,35.283
65,-13.5,34
67,-13.88461,33.50585
67,-14.94583,35.57367
67,-13.76667,33.38333
67,-13.5,34
67,-14.93333,35.45
67,-15.43007,35.41829
67,-13.5,34
67,-14.01962,33.68407
67,-14.96667,35.51667
67,-14.08463,33.91076
67,-15.40641,34.52207
68,-15.96099,35.49365
68,-14.01962,33.68407
68,-13.5,34
68,-13.5,34
69,-13.5,34
69,-14.01962,33.68407
69,-15.43007,35.41829
69,-13.5,34
70,-13.68333,34.26667
70,-13.5,34
70,-14.01076,33.3419
70,-13.85,35.2
70,-14.93212,35.01172
70,-14.21697,33.66607
70,-14.81667,35.75
70,-13.5,34
70,-12.06613,34.73066
70,-14.01962,33.68407
70,-10.11153,33.88151
70,-11.03333,34.21667
71,-13.5,34
71,-15.64732,34.93956
71,-16.4,34.86667
71,-15.86586,35.22224
71,-13.40903,33.8785
71,-15.63337,34.51682
71,-11.03333,34.21667
72,-13.5,34
72,-13.5,34
73,-13.5,34
73,-15.91667,35.06667
73,-15.5,35
73,-13.5,34
73,-15.64732,34.93956
75,-15.86667,35.2
75,-15.71667,35.71667
75,-14.01962,33.68407
75,-15.78499,35.00854
75,-13.5,34
76,-14.39296,35.34658
76,-13.71959,34.40184
76,-12.80417,34.08298
76,-14.94583,35.57367
76,-15.04839,35.0591
76,-13.5,34
76,-16.75,35.16667
76,-15.43007,35.41829
76,-13.5,34
76,-14.01962,33.68407
76,-14.26273,34.18559
76,-13,33.41667
76,-11.65304,34.05322
76,-16.16667,34.75
76,-15.64732,34.93956
76,-14.08239,34.91652
76,-14.75,34.75
77,-15.64732,34.93956
77,-15.78499,35.00854
77,-13.5,34
78,-13,33.41667
79,-14.39296,35.34658
79,-12.80417,34.08298
79,-13.5,34
79,-15.45051,34.70034
79,-13,33.41667
79,-15.43007,35.41829
79,-15.86667,35.2
79,-14.01962,33.68407
79,-14.26273,34.18559
79,-11.85428,33.60778
79,-15.12296,35.54495
79,-15.78499,35.00854
79,-13.7623,33.07998
80,-14.39296,35.34658
80,-11,34
80,-12.80417,34.08298
80,-13.5,34
80,-14.63566,35.25184
80,-11.46556,34.02071
80,-15.3,35.7
80,-13.96542,34.80193
80,-15.43007,35.41829
80,-13.5,34
80,-13.71959,34.40184
80,-13.5,34
80,-11.65304,34.05322
80,-14.01962,33.68407
80,-10.11153,33.88151
80,-15.64732,34.93956
81,-13.5,34
81,-14.72359,34.80892
81,-13.5,34
81,-14.01962,33.68407
82,-15.80299,35.02211
82,-13.5,34
82,-13.5,34
82,-13.71959,34.40184
82,-14.01962,33.68407
82,-10.11153,33.88151
82,-15.43007,35.41829
82,-13.7623,33.07998
83,-13.12796,34.18533
83,-13.5,34
83,-14.63566,35.25184
83,-16.4,34.86667
83,-14.766,35.283
83,-13.96542,34.80193
83,-15.63333,34.61667
83,-15.43007,35.41829
83,-13.5,34
83,-14.01962,33.68407
83,-14.39296,35.34658
83,-15.64732,34.93956
84,-12.16667,33.68333
84,-14.01962,33.68407
84,-13.5,34
84,-13.5,34
85,-13.5,34
85,-14.766,35.283
85,-13.5,34
85,-14.11667,33.95
85,-14.01962,33.68407
85,-15.64732,34.93956
86,-13.96692,33.78725
86,-13.5,34
86,-16.75,35.16667
86,-13.5,34
86,-14.01962,33.68407
86,-15.64732,34.93956
87,-14.94583,35.57367
87,-15.04839,35.0591
87,-13.5,34
87,-16.75,35.16667
87,-15.43007,35.41829
87,-13.5,34
87,-13.71959,34.40184
87,-11.65304,34.05322
87,-14.26273,34.18559
87,-14.01962,33.68407
87,-16.16667,34.75
87,-15.64732,34.93956
87,-14.18031,33.77725
88,-14.39296,35.34658
88,-14.01962,33.68407
88,-13.5,34
88,-14.94583,35.57367
88,-13.5,34
88,-15.63333,34.61667
89,-13.5,34
89,-14.01962,33.68407
89,-13.5,34
90,-13.5,34
90,-13.96542,34.80193
91,-13.5,34
91,-13.5,34
91,-14.01962,33.68407
91,-15.78499,35.00854
91,-15.64732,34.93956
92,-13.5,34
92,-11.85428,33.60778
92,-13.5,34
93,-16.75,35.16667
93,-14.01962,33.68407
93,-13.5,34
93,-16.16667,34.75
94,-14.01962,33.68407
94,-13.16667,33.58333
94,-13.5,34
95,-13.5,34
96,-13.5,34
96,-14.26273,34.18559
96,-15.64732,34.93956
97,-13.5,34
98,-14.01962,33.68407
98,-13.5,34
98,-13.5,34
99,-13.5,34
99,-13.16667,33.58333
99,-15.64732,34.93956
99,-14.01962,33.68407
99,-13.5,34
100,-14.01962,33.68407
100,-13.5,34
101,-14.01962,33.68407
101,-13.5,34
102,-14.01962,33.68407
102,-13.5,34
103,-14.39296,35.34658
103,-12.80417,34.08298
103,-13.5,34
103,-15.78499,35.00854
103,-14.01962,33.68407
103,-11.85428,33.60778
103,-13.7623,33.07998
103,-14.75,34.75
104,-14.01962,33.68407
104,-13.5,34
104,-13.5,34
105,-14.51667,34.46667
106,-13.5,34
107,-13.5,34
108,-11,34
108,-14.39296,35.34658
108,-13.5,34
108,-15.63333,34.61667
108,-11.46556,34.02071
108,-12.16667,33.68333
108,-13.5,34
108,-15.86667,35.2
108,-14.01962,33.68407
108,-15.63337,34.51682
108,-15.64732,34.93956
109,-14.01962,33.68407
109,-13.5,34
109,-13.5,34
110,-13.5,34
110,-13.96542,34.80193
110,-12.16667,33.68333
110,-15.78499,35.00854
110,-12.56667,33.31667
111,-13.5,34
111,-13.5,34
113,-13.5,34
113,-12.16667,33.68333
113,-13.5,34
115,-14.01962,33.68407
115,-13.5,34
115,-12.16667,33.68333
115,-13.5,34
116,-12.56667,33.31667
116,-13.5,34
117,-13.5,34
118,-14.39296,35.34658
118,-11.85428,33.60778
118,-14.94583,35.57367
118,-15.04839,35.0591
118,-13,33.41667
118,-13.5,34
119,-13.5,34
120,-13.5,34
120,-13.5,34
121,-13.5,34
122,-13.5,34
123,-15.04839,35.0591
123,-13.5,34
123,-16.75,35.16667
123,-16.16667,34.75
123,-14.01962,33.68407
123,-13.5,34
123,-15.64732,34.93956
124,-13.5,34
124,-14.01962,33.68407
124,-13.5,34
124,-15.43007,35.41829
124,-15.64732,34.93956
125,-13.5,34
125,-14.01962,33.68407
125,-15.43007,35.41829
125,-15.64732,34.93956
126,-13.5,34
127,-12.16667,33.68333
127,-13.5,34
128,-13.5,34
128,-15.43007,35.41829
128,-13.5,34
128,-12.56667,33.31667
128,-12.16667,33.4
129,-13.5,34
129,-13.96692,33.78725
129,-14.01962,33.68407
129,-15.4,35.31667
129,-11.422,33.99323
130,-14.58333,35.53333
130,-13.78386,34.41936
130,-13.5,34
131,-13.71959,34.40184
131,-16.10583,35.1506
131,-13.5,34
131,-15.88756,35.19758
131,-13.58367,32.95503
131,-15.43007,35.41829
131,-13.5,34
131,-16.00269,35.31861
131,-14.52656,34.67625
131,-15.64732,34.93956
131,-15.80115,35.05338
131,-15.63337,34.51682
131,-13.7623,33.07998
133,-16.65,35.2
133,-11.42751,33.3743
133,-16.16667,34.75
133,-16.75,35.16667
133,-13.5,34
133,-13.45,33.8
133,-15.43007,35.41829
133,-13.4,34.03333
133,-13.52858,33.87179
133,-15.86667,35.2
133,-14.01962,33.68407
133,-15.64732,34.93956
134,-13.5,34
134,-14.01962,33.68407
134,-13.5,34
135,-15.93489,35.62909
135,-13.7804,34.4587
135,-14.72359,34.80892
135,-14.63566,35.25184
135,-15.88756,35.19758
135,-14.99312,34.82299
135,-12.56667,34.15
135,-16.75,35.16667
135,-15.43007,35.41829
135,-13,33.41667
135,-12.16667,33.68333
135,-15.5,35
135,-14.01962,33.68407
135,-11.85428,33.60778
135,-14.08239,34.91652
135,-15.2,35.51667
135,-13.48333,33.96667
135,-15.64732,34.93956
135,-14.39296,35.34658
135,-13.12796,34.18533
135,-13.16709,33.74322
135,-14.98333,35.45
135,-15.06665,35.22543
135,-13.5,34
135,-12.83333,33.8
135,-14.58333,35.53333
135,-14.21697,33.66607
135,-13.5,34
135,-14.26273,34.18559
135,-13.36667,33.96667
135,-15.71875,35.68718
135,-15.78499,35.00854
135,-15.75268,35.21576
135,-13.66667,33.53333
135,-12.80417,34.08298
135,-14.98333,34.66667
135,-14.36553,35.59639
135,-13.67381,34.27009
135,-13.5,34
135,-10.80292,33.80524
135,-15.63337,34.51682
135,-12.71667,33.4
135,-14.75,34.75
135,-13.0146,33.4686
135,-14.46667,35.63333
135,-13.2673,33.84087
135,-14.94583,35.57367
135,-15.04839,35.0591
135,-13.88333,33.15
135,-12.43333,33.88333
135,-13.96542,34.80193
135,-11,34
135,-13.71959,34.40184
135,-13.80893,34.01096
135,-11.65304,34.05322
135,-12.36667,34.06667
135,-16.16667,34.75
135,-15.78644,35.00416
136,-13.16667,33.58333
136,-14.01962,33.68407
136,-13.5,34
137,-13.5,34
138,-14.01962,33.68407
138,-13.12796,34.18533
138,-13.5,34
138,-12.56667,34.15
138,-13.5,34
139,-13.5,34
139,-12.56667,34.15
139,-12.16667,33.68333
139,-13.5,34
139,-14.01962,33.68407
139,-15.35,35.43333
139,-12.63333,33.68333
140,-10.43333,33.96667
140,-13.98627,33.78842
140,-15.2,35.51667
140,-12.80417,34.08298
140,-13.5,34
140,-15.63333,34.61667
140,-13.90384,33.45376
140,-13.7623,33.07998
140,-11.46556,34.02071
140,-13.5,34
140,-13.96692,33.78725
140,-11.91667,34.16667
140,-11,34
140,-14.01962,33.68407
140,-15.78499,35.00854
140,-10.11153,33.88151
140,-15.9344,35.4999
140,-15.75,34.96667
140,-15.64732,34.93956
140,-12.63333,33.68333
141,-13.5,34
141,-14.11667,33.95
141,-12.16667,33.68333
141,-15.43007,35.41829
141,-13.5,34
142,-14.01962,33.68407
142,-13.5,34
142,-15.43209,35.31589
142,-13.5,34
143,-13.5,34
144,-13.96692,33.78725
144,-12.80417,34.08298
144,-13.5,34
144,-13.96667,33.7
144,-15.43007,35.41829
144,-14.01962,33.68407
144,-14.26273,34.18559
144,-10.11153,33.88151
144,-15.63337,34.51682
144,-11.01863,33.85746
144,-14.75,34.75
144,-11.73333,34.08333
145,-14.4,34.38333
145,-14.01962,33.68407
145,-16.10583,35.1506
145,-15.04839,35.0591
145,-13.5,34
145,-15.5,35.25
145,-15.75268,35.21576
145,-13.5,34
145,-16.00693,35.30948
145,-15.9344,35.4999
145,-13.96692,33.78725
145,-15.64732,34.93956
146,-10.55409,33.89701
146,-13.93333,33.35
146,-13.5,34
146,-14.01962,33.68407
146,-15.64732,34.93956
147,-14.01962,33.68407
148,-14.01962,33.68407
148,-13.5,34
149,-14.01962,33.68407
149,-11.03333,34.21667
150,-13.5,34
150,-15.78499,35.00854
150,-14.01962,33.68407
150,-13.5,34
151,-13.5,34
151,-12.16667,33.68333
151,-14.01962,33.68407
151,-13.5,34
152,-14.01962,33.68407
152,-13.5,34
153,-13.5,34
153,-13.5,34
153,-13.5,34
154,-14.01962,33.68407
154,-13.5,34
154,-13.26667,34.01667
154,-13.5,34
156,-13.5,34
156,-14.26843,35.24659
156,-13.5,34
157,-14.01962,33.68407
157,-13.5,34
157,-13.5,34
158,-13.5,34
158,-14.16667,33.76667
158,-13.5,34
158,-14.01962,33.68407
158,-14.41667,34.13333
159,-14.01962,33.68407
159,-13.5,34
159,-14.26273,34.18559
159,-16.16667,34.75
159,-11.87429,34.14902
159,-15.43007,35.41829
159,-13.5,34
159,-15.64732,34.93956
160,-13.5,34
160,-13.5,34
160,-14.01962,33.68407
160,-15.12296,35.54495
161,-14.46667,35.48333
161,-14.29068,34.6918
161,-14.85,35.55
161,-14.01962,33.68407
161,-13.78938,33.781
161,-13.5,34
162,-12.9948,33.37312
162,-13.5,34
162,-14.01962,33.68407
162,-12.16667,33.83333
163,-14.75,34.75
163,-14.67771,34.95586
163,-14.26273,34.18559
163,-13.5,34
164,-14.75,34.75
164,-14.67771,34.95586
164,-14.26273,34.18559
164,-13.5,34
165,-14.98333,34.66667
166,-10.18333,33.81667
166,-14.01962,33.68407
166,-13.5,34
166,-12.16667,33.68333
166,-14.39296,35.34658
166,-11.73333,34.08333
166,-13.5,34
167,-14.29068,34.6918
167,-10.11153,33.88151
167,-13.5,34
167,-16.4,34.86667
167,-12.56667,34.15
167,-13.71959,34.40184
167,-14.01962,33.68407
167,-14.26273,34.18559
167,-16.16667,34.75
167,-12.80417,34.08298
167,-15.75,34.96667
167,-15.64732,34.93956
168,-15.78499,35.00854
168,-12.16667,33.83333
168,-14.01962,33.68407
168,-13.5,34
169,-13.5,34
170,-13.5,34
170,-13.5,34
171,-14.39296,35.34658
171,-12.80417,34.08298
171,-14.94583,35.57367
171,-15.04839,35.0591
171,-13.5,34
171,-14.05,34.93333
171,-16.75,35.16667
171,-15.78499,35.00854
171,-15.43007,35.41829
171,-15.64732,34.93956
171,-13.71959,34.40184
171,-14.01962,33.68407
171,-14.26273,34.18559
171,-13,33.41667
171,-16.16667,34.75
171,-15.63337,34.51682
171,-15.9344,35.4999
171,-13.7623,33.07998
171,-14.75,34.75
172,-11.46556,34.02071
172,-10.87068,34.13032
172,-15.43007,35.41829
172,-16.75,35.16667
172,-16.16667,34.75
172,-13.5,34
172,-15.49967,35.51747
172,-15.64732,34.93956
172,-14.94583,35.57367
172,-12.05,33.7
172,-14.36927,34.53077
172,-14.01962,33.68407
172,-13.29574,33.90798
172,-15.06665,35.22543
173,-14.01962,33.68407
173,-12.16667,33.68333
173,-13.5,34
173,-13.5,34
174,-13.71959,34.40184
174,-12.80417,34.08298
174,-14.01962,33.68407
174,-15.78499,35.00854
174,-15.63333,34.61667
174,-13.5,34
175,-15.66667,35.66667
175,-12.16667,33.68333
175,-13.5,34
176,-13.5,34
176,-14.63566,35.25184
176,-16.16667,34.75
176,-15.3,35.7
176,-11.38333,33.78333
176,-13.4,33.81667
176,-15.91036,35.40754
176,-14.39296,35.34658
177,-14.39296,35.34658
177,-15.01667,34.96667
177,-15.88333,35.25
177,-13.5,34
177,-14.63566,35.25184
177,-15.70657,34.71793
177,-15.12108,34.63584
177,-13.5,34
177,-13.71959,34.40184
177,-13.5,34
177,-11.41145,33.83213
177,-14.01962,33.68407
177,-15.78499,35.00854
177,-12.80417,34.08298
177,-15.06665,35.22543
179,-13.88461,33.50585
179,-14.94583,35.57367
179,-13.76667,33.38333
179,-13.5,34
179,-14.93333,35.45
179,-14.96667,35.51667
179,-13.5,34
179,-12.45,33.61667
179,-15.43007,35.41829
179,-15.9344,35.4999
179,-14.08463,33.91076
179,-14.01962,33.68407
179,-11.03333,34.21667
179,-15.40641,34.52207
180,-14.01962,33.68407
180,-11.03333,34.21667
180,-13.5,34
181,-16.26346,34.86889
181,-11.15,33.58333
181,-13.54904,33.51595
181,-13.5,34
181,-12.56667,34.15
181,-12.36162,33.55601
181,-12.49884,34.15375
181,-14.01962,33.68407
181,-16.16667,34.75
181,-11.83333,33.8
181,-12.73333,33.38333
181,-13.96692,33.78725
181,-15.64732,34.93956
182,-15.80427,35.34899
182,-15.8888,35.68372
182,-15.89799,35.52449
182,-15.88333,35.7
182,-15.94655,35.6981
182,-16.41667,34.86667
182,-15.93489,35.62909
182,-15.8352,35.55261
182,-14.01962,33.68407
182,-15.80788,35.05819
182,-11.03333,34.21667
182,-14.16212,34.81433
182,-15.91127,35.53597
182,-14.98333,34.66667
182,-13.12796,34.18533
182,-15.94856,35.59058
182,-13.95,33.7
182,-13.5,34
182,-11.87149,34.16453
182,-15.83654,35.69077
182,-14.01667,34.85
182,-13.96692,33.78725
182,-12.79598,33.56895
182,-15.55,35.83333
182,-15.9344,35.4999
182,-12.63333,33.68333
182,-15.68581,35.17732
182,-15.75,35
182,-15.66667,35.66667
182,-15.9,35.5
182,-15.87496,35.29587
182,-14.39296,35.34658
182,-11.26667,34.21667
182,-10.55409,33.89701
182,-13.50614,33.44329
182,-15.5,35
182,-16.03163,35.5
182,-13.5,34
182,-15.97746,35.52633
182,-15.43007,35.41829
182,-15.97055,35.31096
182,-15.64732,34.93956
183,-15.68581,35.17732
183,-15.89799,35.52449
183,-14.98333,34.66667
183,-13.5,34
183,-15.75,34.96667
183,-16.03163,35.5
183,-15.93489,35.62909
183,-15.94856,35.59058
183,-15.83654,35.69077
183,-14.05,34.93333
183,-13.5,34
183,-15.63337,34.51682
183,-15.9667,35.6333
183,-15.9344,35.4999
184,-14.01962,33.68407
184,-13.5,34
184,-13.5,34
185,-16.75,35.16667
185,-13.5,34
185,-13.5,34
185,-16.16667,34.75
187,-15.66667,34.88333
187,-13.3839,34.08339
187,-15.71667,35.05
187,-15.38333,34.98333
187,-15.78499,35.00854
187,-15.63333,35.08333
187,-15.64732,34.93956
188,-13.5,34
189,-12.06613,34.73066
189,-13.5,34
190,-16.58194,35.12483
190,-15.7833,35
190,-16.41667,35.26667
190,-13.5,34
190,-14.01962,33.68407
190,-13.5,34
191,-13.21667,34
191,-13.5,34
193,-13.5,34
193,-13.5,34
193,-13.5,34
194,-13.5,34
194,-13.5,34
194,-13.48333,33.75
195,-13.5,34
195,-13.5,34
196,-16.75,35.16667
196,-16.16667,34.75
196,-13.5,34
196,-13,33.41667
196,-13.5,34
197,-12.90756,34.2938
197,-13.5,34
197,-13.96542,34.80193
197,-13.4,33.68333
197,-15.78499,35.00854
197,-14.01962,33.68407
197,-15.63337,34.51682
197,-15.64732,34.93956
197,-12.63333,33.68333
198,-15.78499,35.00854
198,-11.46556,34.02071
198,-14.01962,33.68407
198,-15.97734,34.43481
198,-15.64732,34.93956
198,-14.75,34.75
198,-13.5,34
199,-13.5,34
199,-16.4,34.86667
199,-15.86586,35.22224
199,-15.63337,34.51682
199,-14.94583,35.57367
199,-11.03333,34.21667
199,-15.64732,34.93956
200,-13.5,34
200,-16.4,34.86667
200,-15.86586,35.22224
200,-15.63337,34.51682
200,-14.94583,35.57367
200,-11.03333,34.21667
200,-15.64732,34.93956
201,-13.5,34
201,-14.63566,35.25184
201,-13.71959,34.40184
201,-16.75,35.16667
201,-13.5,34
201,-13.6,33.53333
201,-14.18031,33.77725
202,-14.39296,35.34658
202,-11,34
202,-13.5,34
202,-11.73333,34.08333
202,-15.43007,35.41829
202,-15.64732,34.93956
202,-13.71959,34.40184
202,-14.01962,33.68407
202,-15.78499,35.00854
202,-12.80417,34.08298
202,-15.63337,34.51682
202,-14.26273,34.18559
202,-13.96692,33.78725
202,-11.65304,34.05322
202,-13.7623,33.07998
203,-13.5,34
203,-11.46556,34.02071
203,-15.3,35.7
203,-13.5,34
203,-12.81774,34.22743
203,-14.01962,33.68407
204,-14.39296,35.34658
204,-15.43007,35.41829
204,-15.78499,35.00854
204,-15.04839,35.0591
204,-13.5,34
204,-15.63333,34.61667
205,-14.3,33.83333
205,-12.71667,33.4
205,-13.5,34
205,-11.73333,34.08333
205,-15.43007,35.41829
205,-14.01962,33.68407
205,-14.39296,35.34658
205,-15.64732,34.93956
206,-13.5,34
206,-14.01962,33.68407
206,-13.5,34
206,-15.64732,34.93956
207,-12.90756,34.2938
207,-13.5,34
207,-15.39979,35.31366
207,-13.5,34
207,-15.64732,34.93956
208,-13.5,34
208,-14.63566,35.25184
208,-15.43007,35.41829
208,-15.64732,34.93956
208,-14.01962,33.68407
208,-10.55409,33.89701
213,-13.5,34
213,-13.5,34
214,-15.64732,34.93956
214,-13,33.41667
214,-13.5,34
214,-15.04839,35.0591
214,-14.75,34.75
214,-9.92727,33.42541
214,-10.80292,33.80524
214,-11.85428,33.60778
214,-15.41667,35.41667
214,-15.43007,35.41829
214,-14.94583,35.57367
214,-13.7623,33.07998
214,-13.29574,33.90798
214,-14.01962,33.68407
214,-16.75,35.16667
216,-15.88333,35.25
216,-13.5,34
216,-13.96542,34.80193
216,-15.78499,35.00854
216,-14.39296,35.34658
217,-13.5,34
217,-12.63333,33.68333
217,-15.63333,34.61667
217,-13.5,34
217,-12.90756,34.2938
217,-12.9948,33.37312
217,-13.96542,34.80193
217,-15.78499,35.00854
217,-16.16667,34.75
217,-14.39296,35.34658
218,-14.39296,35.34658
218,-14.94583,35.57367
218,-13.5,34
218,-14.72359,34.80892
218,-14.26273,34.18559
218,-14.01962,33.68407
218,-15.78499,35.00854
218,-12.36162,33.55601
218,-13.7623,33.07998
218,-14.75,34.75
219,-14.39296,35.34658
219,-14.94583,35.57367
219,-13.5,34
219,-13,33.41667
219,-14.01962,33.68407
219,-12.36162,33.55601
219,-13.7623,33.07998
219,-14.75,34.75
220,-15.88333,35.25
220,-13.5,34
220,-13.96542,34.80193
220,-15.78499,35.00854
221,-13.5,34
221,-13.96542,34.80193
221,-15.78499,35.00854
221,-14.01962,33.68407
222,-14.39296,35.34658
222,-16.75,35.16667
222,-13.5,34
222,-13.96542,34.80193
222,-13,33.41667
222,-15.43007,35.41829
222,-14.01962,33.68407
222,-15.78499,35.00854
222,-16.16667,34.75
223,-13.5,34
223,-15.43007,35.41829
223,-13.5,34
223,-14.39296,35.34658
223,-11.03333,34.21667
224,-13.5,34
225,-13.5,34
226,-13.5,34
226,-14.01962,33.68407
227,-13.5,34
228,-13.5,34
229,-15.78499,35.00854
229,-13.5,34
230,-14.63566,35.25184
230,-13.5,34
231,-13.96542,34.80193
231,-13.5,34
232,-13.96542,34.80193
232,-13.5,34
233,-13.5,34
233,-14.93571,35.46685
234,-15.45051,34.70034
234,-13.96667,33.43333
234,-13.78333,32.91667
234,-13.5,34
235,-15.45051,34.70034
235,-13.96667,33.43333
235,-13.78333,32.91667
235,-13.5,34
236,-13.5,34
236,-13.7623,33.07998
236,-12.80417,34.08298
236,-14.01962,33.68407
237,-11.46556,34.02071
237,-13.5,34
238,-11.46556,34.02071
238,-13.5,34
240,-14.39296,35.34658
240,-14.94583,35.57367
240,-14.29954,34.16941
240,-14.01962,33.68407
240,-15.78499,35.00854
240,-12.56667,33.31667
240,-13.7623,33.07998
240,-14.75,34.75
240,-15.04839,35.0591
240,-13.5,34
241,-13.5,34
242,-13.5,34
242,-16.41667,35.26667
244,-11,34
244,-15.06333,34.85803
244,-11.51245,34.14799
244,-9.92727,33.42541
244,-11.38543,33.98619
244,-16.75,35.16667
244,-15.7,35.21667
244,-15.71725,35.8126
244,-11.6988,33.73916
244,-11.65304,34.05322
244,-15.86574,35.10724
244,-11.85428,33.60778
244,-15.3219,34.64956
244,-10.80292,33.80524
244,-15.63337,34.51682
244,-15.43007,35.41829
244,-14.01962,33.68407
244,-15.97734,34.43481
244,-15.64732,34.93956
244,-14.75,34.75
245,-15.43007,35.41829
245,-16.41667,35.26667
247,-13.5,34
247,-13.5,34
248,-13.5,34
248,-13.5,34
249,-11.46556,34.02071
249,-16.41667,35.26667
249,-13.5,34
250,-14.39296,35.34658
250,-13.71959,34.40184
250,-16.91995,35.26199
250,-16.41667,35.26667
250,-13.5,34
250,-15.04839,35.0591
250,-13,33.41667
250,-15.43007,35.41829
250,-16.16667,34.75
251,-14.39296,35.34658
251,-10.60602,34.10628
251,-16.75,35.16667
251,-16.16667,34.75
251,-11,34
251,-15.04839,35.0591
251,-13,33.41667
251,-15.43007,35.41829
251,-13.5,34
252,-13.5,34
253,-13.5,34
254,-13.5,34
255,-14.01962,33.68407
255,-14.26273,34.18559
255,-14.75,34.75
255,-13.5,34
256,-14.01962,33.68407
256,-13.5,34
256,-13.5,34
257,-15.70657,34.71793
257,-13.5,34
258,-15.70657,34.71793
258,-13.5,34
259,-13.5,34
260,-14.39296,35.34658
260,-13.71959,34.40184
260,-13.033,33.48
260,-16.41667,35.26667
260,-15.04839,35.0591
260,-16.16667,34.75
261,-14.39296,35.34658
261,-13.71959,34.40184
261,-16.41667,35.26667
261,-12.80417,34.08298
261,-10.11153,33.88151
261,-15.04839,35.0591
261,-13,33.41667
261,-16.16667,34.75
262,-14.39296,35.34658
262,-13.71959,34.40184
262,-16.41667,35.26667
262,-12.80417,34.08298
262,-10.11153,33.88151
262,-15.04839,35.0591
262,-13,33.41667
262,-16.16667,34.75
263,-14.2,35.03333
263,-16.16667,35.16667
263,-13.5,34
263,-15.78499,35.00854
264,-15.78499,35.00854
264,-13.5,34
265,-15.78499,35.00854
265,-16.16667,35.16667
265,-14.2,35.03333
265,-13.5,34
266,-15.78499,35.00854
266,-16.16667,35.16667
266,-14.2,35.03333
266,-13.5,34
267,-13.5,34
267,-16.41667,35.26667
268,-16.41667,35.26667
269,-16.41667,35.26667
269,-13.5,34
269,-13.5,34
273,-16.41667,35.26667
274,-13.5,34
275,-14.39296,35.34658
275,-15.63337,34.51682
275,-13.71959,34.40184
275,-16.75,35.16667
275,-13.98627,33.78842
275,-15.64732,34.93956
275,-14.75,34.75
275,-15.04839,35.0591
275,-14.26273,34.18559
275,-10.80292,33.80524
275,-16.16667,34.75
275,-13.7623,33.07998
277,-13.5,34
277,-16.41667,35.26667
278,-16.41667,35.26667
279,-14.72359,34.80892
279,-13.5,34
280,-14.72359,34.80892
280,-13.5,34
281,-14.72359,34.80892
281,-13.5,34
282,-16.16667,34.75
282,-16.41667,35.26667
283,-13.5,34
283,-16.41667,35.26667
284,-14.04314,34.10294
284,-14.01962,33.68407
284,-13.5,34
285,-15.63337,34.51682
285,-12.56667,34.15
285,-16.10583,35.1506
285,-15.06665,35.22543
285,-15.43007,35.41829
287,-16.41667,35.26667
288,-13.5,34
291,-16.41667,35.26667
291,-15.43007,35.41829
291,-13.5,34
292,-13.5,34
292,-13.5,34
293,-14.39296,35.34658
293,-16.41667,35.26667
293,-16.10583,35.1506
293,-14.01962,33.68407
293,-14.26273,34.18559
293,-13.7623,33.07998
293,-14.75,34.75
294,-14.39296,35.34658
294,-16.41667,35.26667
294,-16.10583,35.1506
294,-14.01962,33.68407
294,-14.26273,34.18559
294,-13.7623,33.07998
294,-14.75,34.75
295,-14.39296,35.34658
295,-16.41667,35.26667
295,-16.10583,35.1506
295,-14.01962,33.68407
295,-14.26273,34.18559
295,-13.7623,33.07998
295,-14.75,34.75
296,-13.5,34
296,-16.41667,35.26667
297,-13.5,34
297,-13.5,34
298,-13.5,34
298,-13.5,34
299,-13.5,34
299,-14.01962,33.68407
300,-13.71959,34.40184
300,-16.41667,35.26667
300,-12.80417,34.08298
300,-13.5,34
301,-16.41667,35.26667
301,-13.5,34
302,-16.41667,35.26667
302,-13.5,34
304,-12.80417,34.08298
304,-16.41667,35.26667
305,-13.5,34
305,-16.41667,35.26667
306,-15.63337,34.51682
306,-16.16667,34.75
306,-16.75,35.16667
306,-15.64732,34.93956
306,-14.94583,35.57367
306,-13.53333,33.91667
306,-12.03333,34.63333
306,-15.43007,35.41829
306,-13.5,34
306,-15.75268,35.21576
307,-15.63337,34.51682
307,-13.28333,33.55
307,-15.43007,35.41829
307,-16.16667,34.75
307,-16.10583,35.1506
307,-16.75,35.16667
307,-15.64732,34.93956
307,-14.94583,35.57367
307,-13.53333,33.91667
307,-13.5,34
307,-15.75268,35.21576
308,-15.63337,34.51682
308,-16.75,35.16667
308,-16.16667,34.75
308,-15.64732,34.93956
308,-14.94583,35.57367
308,-13.53333,33.91667
308,-15.43007,35.41829
308,-13.5,34
308,-15.75268,35.21576
309,-14.39296,35.34658
309,-13.71959,34.40184
309,-16.16667,34.7
309,-13.5,34
309,-11.85428,33.60778
309,-14.75,34.75
309,-15.04839,35.0591
309,-13,33.41667
309,-16.16667,34.75
310,-13.71959,34.40184
310,-12.80417,34.08298
310,-13.5,34
311,-13.5,34
311,-13.5,34
312,-16.41667,35.26667
313,-16.41667,35.26667
313,-14.01962,33.68407
313,-14.26273,34.18559
313,-14.75,34.75
313,-13,33.41667
314,-14.01962,33.68407
314,-14.26273,34.18559
314,-13,33.41667
316,-13.71959,34.40184
316,-16.41667,35.26667
316,-12.80417,34.08298
316,-13.5,34
316,-13.5,34
316,-15.97513,35.71736
317,-16.41667,35.26667
317,-12.80417,34.08298
317,-13.5,34
318,-14.94583,35.57367
318,-15.66667,35.66667
318,-16.41667,35.26667
318,-11.85428,33.60778
318,-13,33.41667
318,-13.5,34
319,-14.94583,35.57367
319,-15.66667,35.66667
319,-16.41667,35.26667
319,-11.85428,33.60778
319,-13,33.41667
319,-13.5,34
320,-13.5,34
320,-11,34
320,-13.5,34
321,-13.5,34
321,-11,34
321,-13.5,34
322,-16.41667,35.26667
322,-13.5,34
323,-16.41667,35.26667
323,-13.5,34
324,-13.5,34
325,-13.5,34
326,-15.78499,35.00854
326,-16.16667,35.16667
326,-13.5,34
328,-16.41667,35.26667
328,-13.60098,33.82378
328,-16.16667,34.75
328,-13.5,34
330,-13.5,34
333,-13.7623,33.07998
333,-13.5,34
336,-13.71959,34.40184
336,-16.41667,35.26667
336,-13.29574,33.90798
336,-12.80417,34.08298
336,-11.65304,34.05322
337,-13.5,34
337,-13.5,34
338,-13.5,34
339,-13.5,34
340,-14.39296,35.34658
340,-14.94583,35.57367
340,-15.04839,35.0591
340,-15.43007,35.41829
340,-13.5,34
341,-16.41667,35.26667
342,-16.41667,35.26667
343,-13.5,34
344,-13.5,34
347,-15.43007,35.41829
347,-13.5,34
349,-13.5,34
350,-13.5,34
350,-11.85428,33.60778
350,-15.64732,34.93956
351,-15.43007,35.41829
351,-13.5,34
351,-16.41667,35.26667
352,-15.43007,35.41829
353,-15.5,35
353,-15.66667,35.66667
353,-15.9344,35.4999
354,-14.39296,35.34658
355,-15.5,35
355,-16.75,35.16667
355,-14.94583,35.57367
355,-15.04839,35.0591
355,-15.43007,35.41829
355,-16.16667,34.75
355,-15.75268,35.21576
356,-15.5,35
356,-16.75,35.16667
356,-14.94583,35.57367
356,-15.04839,35.0591
356,-15.43007,35.41829
356,-16.16667,34.75
356,-15.75268,35.21576
357,-15.5,35
357,-16.75,35.16667
357,-14.94583,35.57367
357,-15.04839,35.0591
357,-15.43007,35.41829
357,-16.16667,34.75
357,-15.75268,35.21576
358,-16.75,35.16667
358,-14.94583,35.57367
358,-15.04839,35.0591
358,-15.43007,35.41829
358,-16.16667,34.75
359,-16.75,35.16667
359,-14.94583,35.57367
359,-15.04839,35.0591
359,-15.43007,35.41829
359,-16.16667,34.75
360,-16.96535,35.21659
360,-16.75,35.16667
360,-17.09576,35.21899
360,-13.5,34
361,-15.78503,35.00319
361,-13.5,34
361,-10.11153,33.88151
361,-15.43007,35.41829
361,-13.5,34
361,-14.01962,33.68407
361,-14.39296,35.34658
361,-13.7623,33.07998
362,-12.36162,33.55601
362,-10.55409,33.89701
362,-15.43007,35.41829
362,-13.5,34
362,-14.39296,35.34658
363,-15.80324,35.02711
363,-13.5,34
364,-14.59656,34.75619
364,-13.5,34
364,-14.6,35.31667
364,-11.46556,34.02071
364,-14.47815,35.26448
364,-15.80324,35.02711
364,-13.96542,34.80193
364,-15.93005,35.80407
364,-15.98887,35.18798
364,-13.5,34
364,-13.11667,33.53333
364,-14.51667,34.46667
364,-14.01962,33.68407
364,-13.16667,33.58333
364,-14.08239,34.91652
364,-13.5,34
364,-15.38853,35.33802
364,-12.63333,33.68333
365,-13.5,34
366,-13.5,34
367,-12.36162,33.55601
367,-13.5,34
369,-16.10583,35.1506
369,-15.04839,35.0591
369,-13.5,34
369,-16.7,34.96667
369,-16.91995,35.26199
369,-16.75,35.16667
369,-13.96542,34.80193
369,-15.87929,35.37415
369,-15.75268,35.21576
369,-11.41145,33.83213
369,-16.58194,35.12483
369,-13.25,34.01667
370,-14.51667,34.46667
370,-12.36162,33.55601
370,-13.5,34
371,-13.5,34
371,-13.5,34
372,-16.10583,35.1506
372,-13.96692,33.78725
372,-15.32895,34.65416
372,-13.5,34
372,-13.98333,33.83333
372,-15.45051,34.70034
372,-15.91667,35.06667
372,-13.5,34
372,-11.65304,34.05322
372,-14.01962,33.68407
372,-15.63337,34.51682
372,-9.66667,33.55
372,-15.64732,34.93956
373,-13.5,34
373,-15.78499,35.00854
373,-15.43007,35.41829
373,-13.71959,34.40184
373,-14.01962,33.68407
373,-16.4,34.86667
374,-13.7,34
374,-15.25988,35.32171
374,-16.7426,35.23128
374,-14.58333,34.53333
374,-10.92414,33.63067
374,-11,33.78333
374,-14.41667,34.11667
374,-12.88333,33.93333
374,-13.58333,33.43333
374,-15.99712,35.30989
374,-16.16667,34.75
374,-16.26667,35.16667
374,-15.91667,35.36667
374,-16.48333,34.86667
374,-15.82284,35.00161
374,-13.98333,33.46667
374,-14.01667,33.33333
374,-15.55,35.83333
374,-11.28525,34.2222
374,-14.96667,34.86667
374,-16.76486,35.28283
374,-16.20712,35.29502
374,-15.64732,34.93956
374,-13.75,33.73333
374,-15.78508,34.99993
374,-15.78499,35.00854
375,-14.39296,35.34658
375,-14.3,33.83333
375,-15.04839,35.0591
375,-16.16667,35.16667
375,-13.5,34
375,-14.01667,33.96667
375,-15.43007,35.41829
375,-11.85428,33.60778
375,-14.01962,33.68407
375,-12.36162,33.55601
375,-14.75,34.75
377,-14.39296,35.34658
377,-12.01961,34.62363
377,-13.5,34
377,-11.46556,34.02071
377,-14.94583,35.57367
377,-13.5,34
377,-13.7623,33.07998
377,-14.01962,33.68407
377,-13.79841,32.88019
377,-14.96667,34.86667
377,-12.36162,33.55601
378,-13.5,34
379,-14.39296,35.34658
379,-13.97817,33.77045
379,-12.80417,34.08298
379,-14.94583,35.57367
379,-15.04839,35.0591
379,-16.16667,35.16667
379,-13.5,34
379,-16.75,35.16667
379,-13,33.41667
379,-13.5,34
379,-13.7623,33.07998
379,-13.71959,34.40184
379,-14.01962,33.68407
379,-14.26273,34.18559
379,-11.85428,33.60778
379,-14.04314,34.10294
379,-16.16667,34.75
379,-15.64732,34.93956
379,-14.75,34.75
379,-15.78853,35.00494
380,-13.5,34
380,-13.5,34
382,-16.4,34.86667
382,-12.21667,33.33333
382,-14.93571,35.46685
382,-13.5,34
383,-13.5,34
384,-16.10583,35.1506
384,-12.71667,33.4
384,-13.5,34
384,-16.96535,35.21659
384,-16.00693,35.30948
384,-16.75,35.16667
384,-13.4,33.96667
384,-13.5,34
384,-12.23881,34.01833
384,-15.61085,35.72767
384,-16.16667,34.75
384,-16.16667,35.1
384,-15.9344,35.4999
384,-16.54675,35.15566
384,-15.86675,35.32756
384,-15.64732,34.93956
386,-11,34
386,-12.94234,33.48011
386,-14.93212,35.01172
386,-14.01667,33.96667
386,-13.5,34
386,-14.99312,34.82299
386,-16.78333,35.25
386,-13.5,34
386,-14.39296,35.34658
386,-15.63333,34.61667
386,-15.43007,35.41829
386,-13.5,34
386,-13.71959,34.40184
386,-11.52309,33.70161
386,-13.66667,33.3
386,-12.36667,34.06667
386,-14.01962,33.68407
386,-15.78499,35.00854
386,-15.64732,34.93956
386,-12.58942,33.58777
387,-13.5,34
388,-15.7833,35
388,-13.5,34
388,-13.5,34
389,-14.01962,33.68407
389,-13.5,34
389,-15.78714,35.00422
389,-13.5,34
390,-15.88333,35.25
390,-13.5,34
390,-12.16667,33.68333
390,-14.01962,33.68407
390,-10.53053,34.22952
390,-13.5,34
391,-14.39296,35.34658
391,-12.80417,34.08298
391,-14.94583,35.57367
391,-15.04839,35.0591
391,-11.65304,34.05322
391,-13.5,34
391,-12.59076,34.1695
391,-17.05038,35.11407
391,-16.75,35.16667
391,-13,33.41667
391,-15.43007,35.41829
391,-15.64732,34.93956
391,-13.71959,34.40184
391,-14.69057,35.31207
391,-14.01962,33.68407
391,-14.26273,34.18559
391,-11.85428,33.60778
391,-10.80292,33.80524
391,-16.16667,34.75
391,-15.63337,34.51682
391,-13.7623,33.07998
391,-14.75,34.75
391,-15.75268,35.21576
391,-13.95,33.25
392,-15.43007,35.41829
392,-12.36162,33.55601
392,-13.5,34
393,-14.39296,35.34658
393,-13.5,34
393,-11.85428,33.60778
393,-14.94583,35.57367
393,-15.04839,35.0591
393,-13,33.41667
393,-13.5,34
394,-14.39296,35.34658
394,-13.5,34
394,-12.36162,33.55601
394,-11.85428,33.60778
394,-14.94583,35.57367
394,-15.04839,35.0591
394,-13,33.41667
394,-13.5,34
395,-14.39296,35.34658
395,-15.38085,35.39234
395,-13.5,34
395,-14.94583,35.57367
395,-15.04839,35.0591
395,-13,33.41667
395,-13.5,34
396,-13.71667,34.31667
396,-13.5,34
396,-13.5,34
396,-15.63333,34.61667
397,-14.39296,35.34658
397,-13.5,34
397,-15.39979,35.31366
397,-14.01667,34.85
397,-13.5,34
397,-14.7859,34.91386
397,-11.72058,34.29578
397,-14.48062,35.46668
397,-12.36162,33.55601
397,-14.18031,33.77725
398,-14.15392,33.97066
398,-13.5,34
398,-11.46556,34.02071
398,-12.16667,33.68333
398,-13.5,34
398,-14.39296,35.34658
398,-14.01962,33.68407
398,-16.36667,34.68333
398,-15.12296,35.54495
398,-15.64732,34.93956
399,-13.71959,34.40184
399,-14.766,35.283
399,-13.5,34
400,-13.5,34
401,-15.78499,35.00854
401,-12.36162,33.55601
401,-16.05,35.75
401,-13.5,34
401,-14.98333,34.66667
401,-15.88333,35.25
401,-13.5,34
402,-13.5,34
403,-15.45051,34.70034
403,-15.80299,35.02211
403,-14.94583,35.57367
403,-13.5,34
403,-13.5,34
403,-14.87652,35.30112
403,-15.5,35
403,-15.3,35.7
403,-14.73333,35.53333
403,-15.63337,34.51682
403,-14.9641,35.67749
403,-13.5,34
403,-15.40641,34.52207
404,-13.5,34
404,-14.01962,33.68407
404,-13.5,34
405,-10.46667,33.7
405,-14.01962,33.68407
405,-13.5,34
405,-13.5,34
406,-13.5,34
406,-14.01962,33.68407
407,-12.52475,34.1891
407,-14.8,34.76667
407,-14.37774,33.73904
407,-15.67047,34.4232
407,-13.5,34
407,-15.04839,35.0591
407,-14.01962,33.68407
407,-14.26273,34.18559
407,-13.5,34
407,-14.75,34.75
408,-14.47815,35.26448
408,-13.5,34
408,-16.4,34.86667
408,-13.5,34
408,-14.01962,33.68407
408,-13.96692,33.78725
409,-13.5,34
409,-14.01962,33.68407
409,-13.5,34
409,-13.5,34
410,-15.95771,34.77181
410,-13.60098,33.82378
410,-13.93333,33.36667
410,-14.94583,35.57367
410,-15.04839,35.0591
410,-12.74442,33.67447
410,-13.5,34
410,-16.96535,35.21659
410,-14.93571,35.46685
410,-16.75,35.16667
410,-15.56174,34.50258
410,-17.09576,35.21899
410,-16.16667,34.75
410,-13.87502,34.57784
410,-14.26273,34.18559
410,-14.43333,34.06667
410,-10.11153,33.88151
410,-15.63337,34.51682
410,-10.99598,34.0737
410,-15.64732,34.93956
410,-14.75,34.75
411,-15.5,35
411,-15.64732,34.93956
411,-15.78644,35.00416
411,-13.5,34
412,-14.01962,33.68407
412,-13.5,34
413,-14.39296,35.34658
413,-16.10583,35.1506
413,-12.71667,33.4
413,-14.94583,35.57367
413,-13.5,34
413,-16.75,35.16667
413,-13,33.41667
413,-16.03352,34.80091
413,-15.43007,35.41829
413,-13.5,34
413,-16.16667,34.75
413,-13.71959,34.40184
413,-14.01962,33.68407
413,-14.26273,34.18559
413,-13.16667,33.58333
413,-10.80292,33.80524
413,-15.75268,35.21576
413,-15.64732,34.93956
413,-14.75,34.75
415,-14.01962,33.68407
415,-13.5,34
